Location
Luzon Strait (near Calayan Island, southern Babuyan Islands)
Massara, Maco Municipality (Davao de Oro Province, Mindanao Island)
Cagayan Valley, Central Luzon, Calabarzon, Mimaropa, Bicol, and Eastern and Central Visayas.
Lingig municipality (Mindanao Island)
Northern Luzon island
Northern Luzon
Western and Central Visayas region (Negros Isl.)
Pitogo (Lucon Isl.)
Calabarzon, Mimaropa, Region 5, Region 6, Region 7, Region 8, Region 10, Caraga, and the Negros Islands Region (NIR)
Mindanao, southern Visayas and northern Palawan
Bicol, Western and Eastern Visayas Regions
Luzon
southern Luzon: Batangas (San Juan town), Palawan (Busuanga town), Camarines Sur (Barangay Sibaguan near Sagnay town, Lagonoy), Albay, Camarines Norte (Vinzons, Mercedes), Oriental Mindoro (Calapan city), Laguna - Calabarzon, Mimaropa, and Bicol Regions


Region 1, 2, 3, and 5
visayas